OFFENSE,YEAR,STREET,LAT,LON
ROBBERY,2018,STUART ST,42.35103105,-71.06373331
ROBBERY,2018,MASSACHUSETTS AVE,42.33828866,-71.07908476
ROBBERY,2018,CHARLES ST,42.35427162,-71.06838613
ROBBERY,2018,COLUMBIA RD,42.31363409,-71.06778025
ROBBERY,2018,CLEMENTINE PARK,42.2926877,-71.06556673
ROBBERY,2018,IPSWICH ST,42.34750472,-71.0934647
ROBBERY,2018,LENOX ST,42.33593698,-71.08008791
ROBBERY,2018,TRULL ST,42.31250816,-71.06546757
ROBBERY,2018,WASHINGTON ST,42.29257648,-71.07179406
ROBBERY,2018,BOSTON ST,42.32365136,-71.06020434
ROBBERY,2018,BOWDOIN ST,42.30915823,-71.06402751
ROBBERY,2018,DEVONSHIRE ST,42.355096,-71.057506
ROBBERY,2018,COLONIAL AVE,42.29040923,-71.07693574
ROBBERY,2018,MASSACHUSETTS AVE,42.32856401,-71.06835343
ROBBERY,2018,BOWDOIN AVE,42.30090969,-71.07425843
ROBBERY,2018,NEPONSET AVE,42.28841085,-71.04710091
ROBBERY,2018,HARRISON AVE,42.35019071,-71.0616948
ROBBERY,2018,BLUE HILL AVE,42.28374569,-71.09153583
ROBBERY,2018,HYDE PARK AVE,42.27380942,-71.11996035
ROBBERY,2018,MAXWELL ST,42.28220579,-71.07791871
ROBBERY,2018,PERRIN ST,42.32274491,-71.07799077
ROBBERY,2018,VINE ST,42.37663167,-71.05593196
ROBBERY,2018,MASSACHUSETTS AVE,42.34107005,-71.08255287
ROBBERY,2018,BENNINGTON ST,42.37764002,-71.03151871
ROBBERY,2018,W BROADWAY,42.33930416,-71.05160423
ROBBERY,2018,ENNEKING PKWY,42.25830455,-71.12873203
ROBBERY,2018,BOWDOIN ST,42.36038173,-71.06285769
ROBBERY,2018,WASHINGTON ST,42.29417346,-71.07193797
ROBBERY,2018,CARLETON ST,42.34516984,-71.07849196
ROBBERY,2018,W CEDAR ST,42.36063386,-71.07005247
ROBBERY,2018,MORTON ST,42.28405588,-71.09045322
ROBBERY,2018,DALE ST,42.32074773,-71.08179833
ROBBERY,2018,CENTRE ST,42.3226603,-71.10550489
ROBBERY,2018,BOYLSTON ST,42.34442266,-71.09833083
ROBBERY,2018,PRINCE ST,42.36475392,-71.05469547
ROBBERY,2018,ANDERSON ST,42.35927699,-71.06771271
ROBBERY,2018,W BROADWAY,42.336112,-71.04665434
ROBBERY,2018,SCHOOL ST,42.35774054,-71.05956789
ROBBERY,2018,SAINT BOTOLPH ST,42.3414751,-71.08495034
ROBBERY,2018,SUMMER ST,42.35521625,-71.06012863
ROBBERY,2018,THURSTON ST,42.38464159,-71.00575163
ROBBERY,2018,D ST,42.3373198,-71.05257179
ROBBERY,2018,MORTON ST,42.28187061,-71.08751152
ROBBERY,2018,ALLSTATE RD,42.32809966,-71.06321676
ROBBERY,2018,WASHINGTON ST,42.30511791,-71.08019088
ROBBERY,2018,DUDLEY ST,42.31987076,-71.07096263
ROBBERY,2018,MERCER ST,42.33223641,-71.04900521
ROBBERY,2018,SPRING ST,42.27820867,-71.16030323
ROBBERY,2018,DRAPER ST,42.30234836,-71.06369569
ROBBERY,2018,TREMONT ST,42.356585,-71.06189505
ROBBERY,2018,TREMONT ST,42.35637531,-71.06213513
ROBBERY,2018,KING ST,42.29273124,-71.05886116
ROBBERY,2018,WASHINGTON ST,42.29855898,-71.07307742
ROBBERY,2018,TALBOT AVE,42.28863812,-71.06631579
ROBBERY,2018,TALBOT AVE,42.28863812,-71.06631579
ROBBERY,2018,WILLIAM T MORRISSEY BLVD,42.29767279,-71.04941018
ROBBERY,2018,HEATH ST,42.32624204,-71.10317575
ROBBERY,2018,BULLARD ST,42.30175853,-71.0746298
ROBBERY,2018,CAUSEWAY ST,42.3649755,-71.062044
ROBBERY,2018,WARREN ST,42.31011153,-71.0829899
ROBBERY,2018,MALCOLM X BLVD,42.33056715,-71.08806813
ROBBERY,2018,DUDLEY ST,42.32849656,-71.08089725
ROBBERY,2018,WASHINGTON ST,42.35174282,-71.0627594
ROBBERY,2018,BOWDOIN ST,42.3036967,-71.07104897
ROBBERY,2018,WASHINGTON ST,42.30356539,-71.07868148
ROBBERY,2018,DORCHESTER AVE,42.30782846,-71.05837474
ROBBERY,2018,NEPONSET AVE,42.28841085,-71.04710091
ROBBERY,2018,TREMONT ST,42.35540738,-71.06312433
ROBBERY,2018,DUDLEY ST,42.31735472,-71.0658297
ROBBERY,2018,AUCKLAND ST,42.31117097,-71.0565962
ROBBERY,2018,HARRISON AVE,42.33597508,-71.07384928
ROBBERY,2018,HARRISON AVE,42.33401829,-71.07638124
ROBBERY,2018,COLUMBUS AVE,42.3378145,-71.0853955
ROBBERY,2018,N BEACON ST,42.35413579,-71.14116513
ROBBERY,2018,BREMEN ST,42.37167554,-71.03563919
ROBBERY,2018,MALCOLM X BLVD,42.33123776,-71.09140736
ROBBERY,2018,NEWPORT ST,42.31802519,-71.05404122
ROBBERY,2018,SPRING ST,42.27820867,-71.16030323
ROBBERY,2018,WESTVIEW ST,42.29091867,-71.08767813
ROBBERY,2018,DITSON ST,42.30129244,-71.06402711
ROBBERY,2018,CENTRE ST,42.28642835,-71.15427278
ROBBERY,2018,MORTON ST,42.2806123,-71.08350146
ROBBERY,2018,HARRISON AVENUE EXT,42.35314285,-71.06144288
ROBBERY,2018,CENTRE ST,42.32283759,-71.10096723
ROBBERY,2018,MILDRED AVE,42.27665388,-71.09121606
ROBBERY,2018,WASHINGTON ST,42.35272948,-71.06256291
ROBBERY,2018,FOWLE ST,42.28152555,-71.12059098
ROBBERY,2018,HYDE PARK AVE,42.2518944,-71.1253531
ROBBERY,2018,SHAWMUT AVE,42.33543394,-71.08076738
ROBBERY,2018,ELLET ST,42.30421672,-71.05936906
ROBBERY,2018,ALLSTATE RD,42.32696647,-71.06198607
ROBBERY,2018,BRIGHTON AVE,42.35266601,-71.12974348
ROBBERY,2018,SOUTHAMPTON ST,42.33210843,-71.07014395
ROBBERY,2018,BOYLSTON ST,42.34862382,-71.08277637
ROBBERY,2018,CASTLEGATE RD,42.30700371,-71.08313157
ROBBERY,2018,GAINSBOROUGH ST,42.34063648,-71.08527768
ROBBERY,2018,BOYLSTON ST,42.3503787,-71.07626098
ROBBERY,2018,AUSTIN ST,42.37507158,-71.06517497
ROBBERY,2018,BOWDOIN ST,42.30291764,-71.07150861
ROBBERY,2018,CENTRE ST,42.32283759,-71.10096723
ROBBERY,2018,CHAUNCY ST,42.35285118,-71.06096412
ROBBERY,2018,SHAWMUT AVE,42.33248759,-71.08365801
ROBBERY,2018,TALBOT AVE,42.29041538,-71.07269542
ROBBERY,2018,UNION PARK,42.34293121,-71.07135137
ROBBERY,2018,SPRING ST,42.27621405,-71.16651219
ROBBERY,2018,BRENT ST,42.29026471,-71.06599003
ROBBERY,2018,TREMONT ST,42.34051771,-71.07806475
ROBBERY,2018,MASSACHUSETTS AVE,42.33152148,-71.07085307
ROBBERY,2018,SUMMER ST,42.35426247,-71.05883334
ROBBERY,2018,CHAUNCY ST,42.35408145,-71.05977436
ROBBERY,2018,WASHINGTON ST,42.29526287,-71.07207439
ROBBERY,2018,HANOVER ST,42.36339154,-71.05488123
ROBBERY,2018,COLUMBIA RD,42.31705299,-71.06521384
ROBBERY,2018,DORCHESTER AVE,42.28990371,-71.06314642
ROBBERY,2018,RIVER ST,42.26090426,-71.11456834
ROBBERY,2018,ADAMS ST,42.2944367,-71.05661774
ROBBERY,2018,HUNTINGTON AVE,42.33186291,-71.1123942
ROBBERY,2018,WASHINGTON ST,42.31408519,-71.09998685
ROBBERY,2018,SOUTHAMPTON ST,42.32962107,-71.05763827
ROBBERY,2018,WASHINGTON ST,42.29417346,-71.07193797
ROBBERY,2018,QUINCY ST,42.31252546,-71.07389321
ROBBERY,2018,GEORGE ST,42.26387176,-71.10792081
ROBBERY,2018,THOMPSON SQ,42.3751514,-71.0639642
ROBBERY,2018,ANNUNCIATION RD,42.33506218,-71.09316781
ROBBERY,2018,W CONCORD ST,42.33961962,-71.07699237
ROBBERY,2018,UNION ST,42.36068787,-71.05687293
ROBBERY,2018,SPRING ST,42.27820867,-71.16030323
ROBBERY,2018,BLUE HILL AVE,42.31709355,-71.07802977
ROBBERY,2018,ADAMS ST,42.30313982,-71.06057855
ROBBERY,2018,NEWBURY ST,42.34840576,-71.08688339
ROBBERY,2018,BOYLSTON ST,42.35067063,-71.07520557
ROBBERY,2018,WASHINGTON ST,42.34499963,-71.14507819
ROBBERY,2018,WASHINGTON ST,42.31667114,-71.09743705
ROBBERY,2018,BOWDOIN ST,42.31016764,-71.0629118
ROBBERY,2018,HEATH ST,42.32624204,-71.10317575
ROBBERY,2018,MERIDIAN ST,42.38289141,-71.03930932
ROBBERY,2018,BOWDOIN ST,42.3036967,-71.07104897
ROBBERY,2018,COLUMBIA RD,42.31514179,-71.06704709
ROBBERY,2018,DORCHESTER AVE,42.2908347,-71.06288798
ROBBERY,2018,BORDER ST,42.37712014,-71.03988283
ROBBERY,2018,HORAN WAY,42.32547536,-71.10253482
ROBBERY,2018,BICKFORD ST,42.32483301,-71.10164757
ROBBERY,2018,CHELSEA ST,42.37977166,-71.02730041
ROBBERY,2018,FOREST HILLS ST,42.300945,-71.106067
ROBBERY,2018,LEVANT ST,42.3032249,-71.07039247
ROBBERY,2018,BOWDOIN ST,42.3078312,-71.06529544
ROBBERY,2018,CHELSEA ST,42.37757302,-71.02985538
ROBBERY,2018,WARREN ST,42.32902469,-71.08341505
ROBBERY,2018,HAVRE ST,42.37142499,-71.03971329
ROBBERY,2018,E CONCORD ST,42.33681394,-71.07362287
ROBBERY,2018,TREMONT ST,42.35540738,-71.06312433
ROBBERY,2018,WINTER ST,42.35602373,-71.06177615
ROBBERY,2018,WASHINGTON ST,42.2681306,-71.14965367
ROBBERY,2018,ROBINSON ST,42.30277884,-71.06210293
ROBBERY,2018,BANTRY WAY,42.33194724,-71.03177171
ROBBERY,2018,ADAMS ST,42.27616192,-71.06113062
ROBBERY,2018,HYDE PARK AVE,42.29182835,-71.11780085
ROBBERY,2018,TALBOT AVE,42.2871482,-71.06493039
ROBBERY,2018,RIDGEWOOD ST,42.30159845,-71.06766776
ROBBERY,2018,LEGENDS WAY,42.36643546,-71.06135413
ROBBERY,2018,BOYLSTON ST,42.352366,-71.06833609
ROBBERY,2018,E COTTAGE ST,42.32004176,-71.06104118
ROBBERY,2018,WASHINGTON ST,42.35213476,-71.06266757
ROBBERY,2018,DUDLEY ST,42.32872589,-71.08382217
ROBBERY,2018,EDWIN ST,42.28976649,-71.05919044
ROBBERY,2018,MCLELLAN ST,42.29920296,-71.08329976
ROBBERY,2018,MASSACHUSETTS AVE,42.34186952,-71.0837219
ROBBERY,2018,FANEUIL ST,42.35555336,-71.15274721
ROBBERY,2018,CAUSEWAY ST,42.36571448,-71.06061587
ROBBERY,2018,BARTLETT ST,42.32891063,-71.08949343
ROBBERY,2018,GREENBRIER ST,42.29697608,-71.07053347
ROBBERY,2018,ADAMS ST,42.30263978,-71.06038376
ROBBERY,2018,BOYLSTON ST,42.34815229,-71.08450821
ROBBERY,2018,TREMONT ST,42.33945339,-71.07992484
ROBBERY,2018,JUDSON ST,42.31950193,-71.07516473
ROBBERY,2018,HEATH ST,42.32665471,-71.10679596
ROBBERY,2018,JAMAICAWAY,42.31634343,-71.11677508
ROBBERY,2018,WASHINGTON ST,42.33721215,-71.07597603
ROBBERY,2018,SHERWOOD ST,42.28614825,-71.12091132
ROBBERY,2018,SUMMER ST,42.35521625,-71.06012863
ROBBERY,2018,SUMMER ST,42.35521625,-71.06012863
ROBBERY,2018,ALMONT ST,42.27632695,-71.09726257
ROBBERY,2018,SOUTHAMPTON ST,42.33210843,-71.07014395
ROBBERY,2018,BARTLETT ST,42.37870192,-71.06486887
ROBBERY,2018,HENDRY ST,42.30945933,-71.06514623
ROBBERY,2018,WALDEN ST,42.32561013,-71.10449956
ROBBERY,2018,BRIGHTON AVE,42.35266601,-71.12974348
ROBBERY,2018,BRIGHTON AVE,42.35315862,-71.13289373
ROBBERY,2018,CHARLES RIVER AVE,42.37056285,-71.06077324
ROBBERY,2018,BLUE HILL AVE,42.2777688,-71.09334841
ROBBERY,2018,MARLBOROUGH ST,42.34997016,-71.08939772
ROBBERY,2018,COLUMBUS AVE,42.32492546,-71.09839601
ROBBERY,2018,ANTHONY RIP VALENTI WAY,42.36434304,-71.05987586
ROBBERY,2018,BLUE HILL AVE,42.28863337,-71.08990388
ROBBERY,2018,DIX ST,42.29601566,-71.05766432
ROBBERY,2018,WASHINGTON ST,42.30022551,-71.07468313
ROBBERY,2018,CHARLES ST,42.30060543,-71.06126785
ROBBERY,2018,STATE ST,42.35942556,-71.05288819
ROBBERY,2018,GENEVA AVE,42.2991807,-71.06429139
ROBBERY,2018,SOUTHAMPTON ST,42.3309164,-71.06415106
ROBBERY,2018,BLUE HILL AVE,42.31915303,-71.07775478
ROBBERY,2018,MORTON ST,42.28187061,-71.08751152
ROBBERY,2018,AUSTIN ST,42.37507158,-71.06517497
ROBBERY,2018,IRMA ST,42.28766525,-71.08733059
ROBBERY,2018,WINSLOW ST,42.32917276,-71.08135973
ROBBERY,2018,BLUE HILL AVE,42.3088984,-71.0830519
ROBBERY,2018,CHARLES ST,42.35645514,-71.06956975
ROBBERY,2018,BROOKS ST,42.37624409,-71.03272932
ROBBERY,2018,LEWIS ST,42.36689348,-71.04130322
ROBBERY,2018,TRUMAN PKWY,42.25194322,-71.11925138
ROBBERY,2018,QUINCY ST,42.31598503,-71.08162355
ROBBERY,2018,MASSACHUSETTS AVE,42.32198656,-71.06280666
ROBBERY,2018,CENTRE ST,42.32283759,-71.10096723
ROBBERY,2018,BLUE HILL AVE,42.27653731,-71.0933951
ROBBERY,2018,CENTRAL SQ,42.37505251,-71.03883891
ROBBERY,2018,ARCHDALE RD,42.29277202,-71.12138967
ROBBERY,2018,BREMEN ST,42.36971223,-71.03793387
ROBBERY,2018,BEACON ST,42.3360657,-71.1506272
ROBBERY,2018,NEWBURY ST,42.3494205,-71.083158
ROBBERY,2018,SOUTHAMPTON ST,42.33210843,-71.07014395
ROBBERY,2018,E SIXTH ST,42.33319534,-71.03120766
ROBBERY,2018,RUTHERFORD AVE,42.37167264,-71.06326413
ROBBERY,2018,ADAMS ST,42.2972764,-71.05667294
ROBBERY,2018,SOLDIERS FIELD RD,42.35891094,-71.15765076
ROBBERY,2018,VFW PKWY,42.28536992,-71.17244016
ROBBERY,2018,GERARD ST,42.33130578,-71.07194742
ROBBERY,2018,QUINCY ST,42.31297722,-71.07499278
ROBBERY,2018,PEARL ST,42.35452562,-71.05335664
ROBBERY,2018,JULIETTE ST,42.30584423,-71.06261555
ROBBERY,2018,PRESCOTT ST,42.23651388,-71.13317161
ROBBERY,2018,NEPONSET VALLEY PKWY,42.23707712,-71.13141342
ROBBERY,2018,BLUE HILL AVE,42.31162834,-71.08094294
ROBBERY,2018,HAMILTON ST,42.30587884,-71.06663793
ROBBERY,2018,DUDLEY ST,42.32919289,-71.08730233
ROBBERY,2018,WASHINGTON ST,42.29307537,-71.07183785
ROBBERY,2018,WASHINGTON ST,42.29307537,-71.07183785
ROBBERY,2018,DUDLEY ST,42.32872589,-71.08382217
ROBBERY,2018,WASHINGTON ST,42.35213476,-71.06266757
ROBBERY,2018,NIGHTINGALE ST,42.29540175,-71.08237834
ROBBERY,2018,AUSTIN ST,42.37507158,-71.06517497
ROBBERY,2018,BORDER ST,42.37382755,-71.04052459
ROBBERY,2018,MASSACHUSETTS AVE,42.33081031,-71.07024806
ROBBERY,2018,BOSTON ST,42.32077172,-71.0612999
ROBBERY,2018,WALK HILL ST,42.28082671,-71.09754718
ROBBERY,2018,DUDLEY ST,42.32853529,-71.08213874
ROBBERY,2018,HAMPDEN ST,42.32738112,-71.0751843
ROBBERY,2018,STELLA RD,42.28104731,-71.11698982
ROBBERY,2018,BLUE HILL AVE,42.28863337,-71.08990388
ROBBERY,2018,FULLER ST,42.28248068,-71.06981187
ROBBERY,2018,BEACH ST,42.30178949,-71.05514183
ROBBERY,2018,MILL ST,42.29921088,-71.05203766
ROBBERY,2018,INDIA ST,42.35847666,-71.05324087
ROBBERY,2018,COMMONWEALTH AVE,42.34888559,-71.14007361
ROBBERY,2018,BENNINGTON ST,42.37803936,-71.0304617
ROBBERY,2018,CHARLES ST,42.30078455,-71.06000691
ROBBERY,2018,MILK ST,42.35822966,-71.05362239
ROBBERY,2018,BLUE HILL AVE,42.30711484,-71.08425151
ROBBERY,2018,FULLER ST,42.28154388,-71.07350542
ROBBERY,2018,WASHINGTON ST,42.35272948,-71.06256291
ROBBERY,2018,SUMMER ST,42.35521625,-71.06012863
ROBBERY,2018,STATE ST,42.35913205,-71.05504984
ROBBERY,2018,ALBANY ST,42.33428841,-71.07239518
ROBBERY,2018,STATE ST,42.35942556,-71.05288819
ROBBERY,2018,BOYLSTON ST,42.34489594,-71.09659186
ROBBERY,2018,TREMONT ST,42.35637531,-71.06213513
ROBBERY,2018,HARRISON AVE,42.34285014,-71.06516235
ROBBERY,2018,HARTFORD ST,42.3174536,-71.07327858
ROBBERY,2018,STANIFORD ST,42.36243437,-71.0639181
ROBBERY,2018,CANAL ST,42.36489527,-71.06050249
ROBBERY,2018,BOWDOIN ST,42.30624383,-71.06701196
ROBBERY,2018,OLD COLONY AVE,42.33397571,-71.05463126
ROBBERY,2018,HYDE PARK AVE,42.23504691,-71.13289238
ROBBERY,2018,MASSACHUSETTS AVE,42.32198656,-71.06280666
ROBBERY,2018,MORTON ST,42.28187061,-71.08751152
ROBBERY,2018,WARREN ST,42.3169665,-71.08254058
ROBBERY,2018,CHAMBERLAIN ST,42.29851793,-71.07499608
ROBBERY,2018,CHELSEA ST,42.37172266,-71.03665549
ROBBERY,2018,CHELSEA ST,42.37172266,-71.03665549
ROBBERY,2018,CHELSEA ST,42.37945053,-71.02770085
ROBBERY,2018,HEMENWAY ST,42.34587157,-71.08938851
ROBBERY,2018,E EAGLE ST,42.38133666,-71.03026947
ROBBERY,2018,CAMBRIDGE ST,42.36116347,-71.06391344
ROBBERY,2018,NEPONSET VALLEY PKWY,42.23603929,-71.12718154
ROBBERY,2018,WASHINGTON ST,42.35174282,-71.0627594
ROBBERY,2018,TREMONT ST,42.35594239,-71.06258333
ROBBERY,2018,PEACEVALE RD,42.28716674,-71.07633479
ROBBERY,2018,WASHINGTON ST,42.31615184,-71.09795135
ROBBERY,2018,FESSENDEN ST,42.27855984,-71.09199697
ROBBERY,2018,BOYLSTON ST,42.34932471,-71.08014801
ROBBERY,2018,BLUE HILL AVE,42.2777688,-71.09334841
ROBBERY,2018,MASSACHUSETTS AVE,42.33152148,-71.07085307
ROBBERY,2018,CHARLES ST,42.35913227,-71.07074326
ROBBERY,2018,HARVARD AVE,42.34902699,-71.129878
ROBBERY,2018,DORCHESTER AVE,42.28657334,-71.06408374
ROBBERY,2018,RIPLEY RD,42.29926303,-71.07626513
ROBBERY,2018,ESSEX ST,42.35235362,-71.05815283
ROBBERY,2018,MELVILLE AVE,42.29338993,-71.07155745
ROBBERY,2018,HARRISON AVENUE EXT,42.35314285,-71.06144288
ROBBERY,2018,HARRISON AVE,42.33511904,-71.0749171
ROBBERY,2018,BREMEN ST,42.37030725,-71.03724113
ROBBERY,2018,RIVER ST,42.268024,-71.09301057
ROBBERY,2018,ESSEX ST,42.35249436,-71.0613928
ROBBERY,2018,ADAMS ST,42.28557842,-71.05496381
ROBBERY,2018,WASHINGTON ST,42.29212974,-71.07175746
ROBBERY,2018,PARKER HILL AVE,42.33093363,-71.10956443
ROBBERY,2018,BELGRADE AVE,42.28631799,-71.13407707
ROBBERY,2018,WASHINGTON ST,42.28277895,-71.07135525
ROBBERY,2018,KINGSTON ST,42.35370585,-71.05898587
ROBBERY,2018,HARVARD AVE,42.35375411,-71.13225621
ROBBERY,2018,BLUE HILL AVE,42.27478462,-71.09368461
ROBBERY,2018,WARREN ST,42.32026821,-71.08150494
ROBBERY,2018,CAMBRIDGE ST,42.35421226,-71.13586089
ROBBERY,2018,CAMBRIDGE ST,42.35421226,-71.13586089
ROBBERY,2018,STOUGHTON ST,42.31489621,-71.06043028
ROBBERY,2018,BORDER ST,42.37620267,-71.03979926
ROBBERY,2018,VINSON ST,42.29798785,-71.06506647
ROBBERY,2018,FESSENDEN ST,42.27855984,-71.09199697
ROBBERY,2018,SUMMER ST,42.35196671,-71.05415459
ROBBERY,2018,MILK ST,42.35822966,-71.05362239
ROBBERY,2018,BROOKS ST,42.37928285,-71.0353629
ROBBERY,2018,ALTHER ST,42.3308322,-71.0742883
ROBBERY,2018,WALK HILL ST,42.2790573,-71.09584789
ROBBERY,2018,FARNHAM ST,42.33046536,-71.07442945
ROBBERY,2018,ASHMONT ST,42.28534033,-71.07118543
ROBBERY,2018,NEWBURY ST,42.34840576,-71.08688339
ROBBERY,2018,SARATOGA ST,42.37950444,-71.02857705
ROBBERY,2018,TYLER ST,42.34888042,-71.06149764
ROBBERY,2018,DORCHESTER AVE,42.30396336,-71.05924636
ROBBERY,2018,DORCHESTER AVE,42.32029322,-71.05676992
ROBBERY,2018,IPSWICH ST,42.34750972,-71.09011373
ROBBERY,2018,WHITING ST,42.32525618,-71.07922845
ROBBERY,2018,EAST ST,42.35156343,-71.05701389
ROBBERY,2018,WASHINGTON ST,42.34175462,-71.0685477
ROBBERY,2018,ALPHA RD,42.29581546,-71.06884734
ROBBERY,2018,MARION ST,42.37725644,-71.03667354
ROBBERY,2018,BABSON ST,42.27267557,-71.09192911
ROBBERY,2018,LARCHMONT ST,42.29703368,-71.06860662
ROBBERY,2018,MERIDIAN ST,42.37750247,-71.03916237
ROBBERY,2018,LUCERNE ST,42.28792347,-71.08815774
ROBBERY,2018,BOYLSTON ST,42.34693807,-71.09266111
ROBBERY,2018,LESTON ST,42.28349153,-71.08991288
ROBBERY,2018,BOWDOIN ST,42.31016764,-71.0629118
ROBBERY,2018,ROCKDALE ST,42.26652466,-71.0985532
ROBBERY,2018,RIDGEWOOD ST,42.30209443,-71.06575183
ROBBERY,2018,MAGAZINE ST,42.32667817,-71.0714811
ROBBERY,2018,TALBOT AVE,42.28935481,-71.06767297
ROBBERY,2018,FESSENDEN ST,42.27855984,-71.09199697
ROBBERY,2018,BLUE HILL AVE,42.27470119,-71.09344053
ROBBERY,2018,MASSACHUSETTS AVE,42.33152148,-71.07085307
ROBBERY,2018,LYNDHURST ST,42.29290563,-71.06955795
ROBBERY,2018,PORTSMOUTH ST,42.36053257,-71.14426332
ROBBERY,2018,RUTHERFORD AVE,42.37167264,-71.06326413
ROBBERY,2018,WARREN ST,42.32823419,-71.08328981
ROBBERY,2018,CUMMINS HWY,42.27645319,-71.11297971
ROBBERY,2018,PARK ST,42.35650174,-71.0619996
ROBBERY,2018,DALE ST,42.32074773,-71.08179833
ROBBERY,2018,HUMBOLDT AVE,42.31024899,-71.0918393
ROBBERY,2018,BOWDOIN ST,42.30609356,-71.0671857
ROBBERY,2018,WEST ST,42.35459106,-71.0621901
ROBBERY,2018,COLUMBIA RD,42.31069804,-71.07119068
ROBBERY,2018,NEPONSET VALLEY PKWY,42.23603929,-71.12718154
ROBBERY,2018,BULFINCH PL,42.36219081,-71.06223802
ROBBERY,2018,HARRISON AVE,42.33153805,-71.08015661
ROBBERY,2018,MAIN ST,42.37515337,-71.06409893
ROBBERY,2018,KEMBLE ST,42.32695733,-71.07074008
ROBBERY,2018,HAZLETON ST,42.28152567,-71.09700335
ROBBERY,2018,FOREST HILLS ST,42.30492239,-71.10298073
ROBBERY,2018,WOODLAWN ST,42.29860932,-71.11223703
ROBBERY,2018,KNEELAND ST,42.34958657,-71.05735762
ROBBERY,2018,RIVER ST,42.26956689,-71.09075049
ROBBERY,2018,PALFREY ST,42.28496725,-71.12009416
ROBBERY,2018,HUNTINGTON AVE,42.34221544,-71.08577075
ROBBERY,2018,CAUSEWAY ST,42.3649755,-71.062044
ROBBERY,2018,AVENUE DE LAFAYETTE,42.35389258,-71.06214998
ROBBERY,2018,ALPHA RD,42.29624549,-71.0671598
ROBBERY,2018,HEATH ST,42.32624204,-71.10317575
ROBBERY,2018,ALBANY ST,42.33428841,-71.07239518
ROBBERY,2018,HUNTINGTON AVE,42.34341962,-71.083956
ROBBERY,2018,FREMONT ST,42.27152449,-71.09295148
ROBBERY,2018,EVERETT ST,42.36573225,-71.03064135
ROBBERY,2018,DANA AVE,42.24894017,-71.12130622
ROBBERY,2018,BRADSTON ST,42.332354,-71.07138696
ROBBERY,2018,WILLIAM T MORRISSEY BLVD,42.29623685,-71.04853645
ROBBERY,2018,BUSHNELL ST,42.28557915,-71.06358649
ROBBERY,2018,EXETER ST,42.35030915,-71.07988963
ROBBERY,2018,CUMMINS HWY,42.267517,-71.094124
ROBBERY,2018,CRAWFORD ST,42.31167532,-71.08586299
ROBBERY,2018,SUMMER ST,42.35521625,-71.06012863
ROBBERY,2018,CENTRE ST,42.32270922,-71.09932317
ROBBERY,2018,HARVARD AVE,42.3001358,-71.07563344
ROBBERY,2018,TALBOT AVE,42.28863812,-71.06631579
ROBBERY,2018,SPRING ST,42.27757964,-71.16274799
ROBBERY,2018,DIXWELL ST,42.31433402,-71.09791405
ROBBERY,2018,FENWAY,42.33932485,-71.09937561
ROBBERY,2018,FOTTLER RD,42.27863649,-71.09541135
ROBBERY,2018,FAWNDALE RD,42.29011783,-71.12187904
ROBBERY,2018,ARMINGTON ST,42.3524587,-71.13762608
ROBBERY,2018,EXETER ST,42.34909822,-71.07929618
ROBBERY,2018,WATER ST,42.35759166,-71.05772502
ROBBERY,2018,CENTRE ST,42.32277007,-71.10445458
ROBBERY,2018,BABSON ST,42.27543421,-71.09234389
ROBBERY,2018,NEWBURY ST,42.34999733,-71.0810344
ROBBERY,2018,AVERY ST,42.35327561,-71.06345772
ROBBERY,2018,MESSINGER ST,42.27185661,-71.09679025
ROBBERY,2018,LAGRANGE,-1,-1
ROBBERY,2018,WINTER ST,42.35602373,-71.06177615
ROBBERY,2018,BOWDOIN ST,42.30536545,-71.06812632
ROBBERY,2018,TREMONT ST,42.34010961,-71.0788244
ROBBERY,2018,WILLIAM T MORRISSEY BLVD,42.30027016,-71.04967147
ROBBERY,2018,DORCHESTER AVE,42.30114533,-71.05991447
ROBBERY,2018,CHARLES ST S,42.35094628,-71.06685604
ROBBERY,2018,AVERY ST,42.3532601,-71.06283216
ROBBERY,2018,DITSON ST,42.30177509,-71.06430565
ROBBERY,2018,PEACEVALE RD,42.28716674,-71.07633479
ROBBERY,2018,METCALF CT,42.30536762,-71.115715
ROBBERY,2018,DORCHESTER AVE,42.30254239,-71.0595669
ROBBERY,2018,COLUMBUS AVE,42.3483427,-71.0722253
ROBBERY,2018,TENNIS RD,42.27615691,-71.09550303
ROBBERY,2018,AVENUE DE LAFAYETTE,42.35331987,-71.06102314
ROBBERY,2018,BENNINGTON ST,42.37684713,-71.03367179
ROBBERY,2018,MARION ST,42.37817244,-71.03729943
ROBBERY,2018,HUNTINGTON AVE,42.34091586,-71.08771531
ROBBERY,2018,WINTER ST,42.35554806,-71.0607314
ROBBERY,2018,BEACH ST,42.35131095,-71.06030942
ROBBERY,2018,BEACH ST,42.35125902,-71.06009371
ROBBERY,2018,SAINT GREGORY ST,42.27573089,-71.06909114
ROBBERY,2018,WARREN ST,42.32978737,-71.08324801
ROBBERY,2018,FRANKLIN ST,42.35572908,-71.05891235
ROBBERY,2018,ALMONT ST,42.2752767,-71.09554245
ROBBERY,2018,BLUE HILL AVE,42.30711484,-71.08425151
ROBBERY,2018,SAVIN ST,42.31719004,-71.08167267
ROBBERY,2018,BOYLSTON ST,42.34601613,-71.0938121
ROBBERY,2018,BLUE HILL AVE,42.30803768,-71.08359213
ROBBERY,2018,ATLANTIC AVE,42.35218278,-71.0556788
ROBBERY,2018,TREMONT ST,42.35624888,-71.06227065
ROBBERY,2018,HANOVER ST,42.36179428,-71.0571127
ROBBERY,2018,ESSEX ST,42.35255981,-71.06043207
ROBBERY,2018,W WALNUT PARK,42.31640336,-71.09770225
ROBBERY,2018,DORCHESTER AVE,42.30559368,-71.05887861
ROBBERY,2018,CEDRIC ST,42.32571409,-71.07131716
ROBBERY,2018,ESMOND ST,42.29861988,-71.08511004
ROBBERY,2018,MASSACHUSETTS AVE,42.34439568,-71.08632016
ROBBERY,2018,VERNON ST,42.33058731,-71.08451303
ROBBERY,2018,REDDY AVE,42.26285498,-71.11181148
ROBBERY,2018,BLUE HILL AVE,42.27685614,-71.09359685
ROBBERY,2018,GENEVA AVE,42.30328018,-71.07122308
ROBBERY,2018,WASHINGTON ST,42.34997256,-71.06348817
ROBBERY,2018,STATE ST,42.35942556,-71.05288819
ROBBERY,2018,RIVER ST,42.26361605,-71.10395167
ROBBERY,2018,ESMOND ST,42.29861988,-71.08511004
ROBBERY,2018,LEYLAND ST,42.32066147,-71.07067867
ROBBERY,2018,OLNEY ST,42.30512773,-71.07370747
ROBBERY,2018,OLNEY ST,42.30512773,-71.07370747
ROBBERY,2018,BOYLSTON ST,42.34932471,-71.08014801
ROBBERY,2018,STUART ST,42.35106637,-71.06549569
ROBBERY,2018,FLORIDA ST,42.29080488,-71.05965861
ROBBERY,2018,GENEVA AVE,42.30546333,-71.0773834
ROBBERY,2018,MEDFORD ST,42.37863715,-71.053364
ROBBERY,2018,DEVON ST,42.31113699,-71.08227667
ROBBERY,2018,DORCHESTER AVE,42.30254239,-71.0595669
ROBBERY,2018,DORCHESTER AVE,42.30254239,-71.0595669
ROBBERY,2018,BEACH ST,42.35125902,-71.06009371
ROBBERY,2018,MASSACHUSETTS AVE,42.33207616,-71.07145394
ROBBERY,2018,TREMONT ST,42.356585,-71.06189505
ROBBERY,2018,BOYLSTON ST,42.35241815,-71.06525499
ROBBERY,2018,SEAVER ST,42.30878855,-71.09055618
ROBBERY,2018,DECATUR ST,42.37829205,-71.05387024
ROBBERY,2018,CHIPMAN ST,42.2888571,-71.07473665
ROBBERY,2018,DUDLEY ST,42.32872589,-71.08382217
ROBBERY,2018,MASSACHUSETTS AVE,42.33152148,-71.07085307
ROBBERY,2018,BOYLSTON ST,42.3503787,-71.07626098
ROBBERY,2018,WASHINGTON ST,42.35680075,-71.05893025
ROBBERY,2018,TALBOT AVE,42.28863812,-71.06631579
ROBBERY,2018,WALDEN ST,42.32561013,-71.10449956
ROBBERY,2018,CLAYTON ST,42.30331475,-71.05630027
ROBBERY,2018,ROCKLAND ST,42.32224199,-71.08432664
ROBBERY,2018,TREMONT ST,42.356585,-71.06189505
ROBBERY,2018,LEYDEN ST,42.38969786,-71.00957095
ROBBERY,2018,WASHINGTON ST,42.33044113,-71.08373481
ROBBERY,2018,BULLARD ST,42.30175853,-71.0746298
ROBBERY,2018,WASHINGTON ST,42.35272948,-71.06256291
ROBBERY,2018,BEACH ST,42.35142278,-71.06084508
ROBBERY,2018,MILDRED AVE,42.27781081,-71.0910429
ROBBERY,2018,MELNEA CASS BLVD,42.33330171,-71.08181675
ROBBERY,2018,LEXINGTON ST,42.38069279,-71.02954916
ROBBERY,2018,HARRISON AVE,42.34011999,-71.06868299
ROBBERY,2018,SHAWMUT AVE,42.33192532,-71.08411222
ROBBERY,2018,COLUMBIA RD,42.315969,-71.066253
ROBBERY,2018,QUINCY ST,42.30947016,-71.06664424
ROBBERY,2018,SOUTHAMPTON ST,42.33233682,-71.07129642
ROBBERY,2018,MAIN ST,42.37515337,-71.06409893
ROBBERY,2018,DUDLEY ST,42.32872589,-71.08382217
ROBBERY,2018,CHARLES ST,42.3606447,-71.07086192
ROBBERY,2018,COLUMBIA RD,42.30340413,-71.08384306
ROBBERY,2018,DUDLEY ST,42.32853529,-71.08213874
ROBBERY,2018,GENEVA AVE,42.2991807,-71.06429139
ROBBERY,2018,STRATTON ST,42.28881222,-71.08513152
ROBBERY,2018,DORIS ST,42.31339913,-71.05649373
ROBBERY,2018,HIGH ST,42.35649296,-71.05259107
ROBBERY,2018,FAIRLAWN AVE,42.26788791,-71.10067012
ROBBERY,2018,WASHINGTON ST,42.33675016,-71.07662788
ROBBERY,2018,WASHINGTON ST,42.33816387,-71.07461217
ROBBERY,2018,SHANDON RD,42.29558793,-71.09012664
ROBBERY,2018,WASHINGTON ST,42.29745339,-71.07253425
ROBBERY,2018,BULLARD ST,42.30175853,-71.0746298
ROBBERY,2018,ETNA ST,42.35411626,-71.14715497
ROBBERY,2018,WARREN ST,42.32832226,-71.08321495
ROBBERY,2018,COMMONWEALTH AVE,42.34877575,-71.09606805
ROBBERY,2018,EDINBORO ST,42.351633,-71.059588
ROBBERY,2018,REGIS RD,42.27064206,-71.09587908
ROBBERY,2018,BRANDYWYNE DR,42.38783615,-71.01203798
ROBBERY,2018,PEARL ST,42.31493506,-71.05834852
ROBBERY,2018,BELGRADE AVE,42.28608881,-71.14255416
ROBBERY,2018,EUTAW ST,42.37949215,-71.03685008
ROBBERY,2018,DOVE ST,42.3154557,-71.07808193
ROBBERY,2018,HAVRE ST,42.37357854,-71.03688491
ROBBERY,2018,SCHOOL ST,42.3575462,-71.05881953
ROBBERY,2018,HENDRY ST,42.30893903,-71.06461576
ROBBERY,2018,BLUE HILL AVE,42.3088984,-71.0830519
ROBBERY,2018,POLK ST,42.37912706,-71.06122663
ROBBERY,2018,DORCHESTER AVE,42.33014012,-71.05695787
ROBBERY,2018,COLUMBUS AVE,42.340018,-71.082515
ROBBERY,2018,JERSEY ST,42.34326644,-71.09719321
ROBBERY,2018,CHURCH ST,42.35105768,-71.06878946
ROBBERY,2018,BOYLSTON ST,42.3503787,-71.07626098
ROBBERY,2018,BOSTON ST,42.32692112,-71.05841861
ROBBERY,2018,CENTER PLZ,42.35988372,-71.06016189
ROBBERY,2018,MASSACHUSETTS AVE,42.32553801,-71.06579592
ROBBERY,2018,STATE ST,42.35902548,-71.05567996
ROBBERY,2018,CENTRE ST,42.32291406,-71.10328402
ROBBERY,2018,HILDRETH ST,42.2831323,-71.0872187
ROBBERY,2018,BOYLSTON ST,42.34601613,-71.0938121
ROBBERY,2018,WASHINGTON ST,42.33044113,-71.08373481
ROBBERY,2018,THOMPSON SQ,42.3751514,-71.0639642
ROBBERY,2018,DACIA ST,42.31484522,-71.07738943
ROBBERY,2018,ATLANTIC AVE,42.35178454,-71.05590762
ROBBERY,2018,THOMPSON SQ,42.3751514,-71.0639642
ROBBERY,2018,AUSTIN ST,42.37479451,-71.06600871
ROBBERY,2018,MASSACHUSETTS AVE,42.33152148,-71.07085307
ROBBERY,2018,ORTON-MAROTTA WAY,42.33857289,-71.05575501
ROBBERY,2018,DEVON ST,42.3092779,-71.07868791
ROBBERY,2018,MEDFORD ST,42.37914075,-71.05672546
ROBBERY,2018,DRAPER ST,42.30287064,-71.06399249
ROBBERY,2018,THIRD AVE,42.37627664,-71.05383757
ROBBERY,2018,MAIN ST,42.38140059,-71.07104354
ROBBERY,2018,NEPONSET VALLEY PKWY,42.23603929,-71.12718154
ROBBERY,2018,GREEN ST,42.37601727,-71.06391748
ROBBERY,2018,OLD LANDING WAY,42.37982191,-71.0554713
ROBBERY,2018,E SPRINGFIELD ST,42.3354595,-71.07448891
ROBBERY,2018,PARK ST,42.35650174,-71.0619996
ROBBERY,2018,BLUE HILL AVE,42.26817397,-71.09387677
ROBBERY,2018,ALLSTATE RD,42.32809966,-71.06321676
ROBBERY,2018,HARRISON AVE,42.35115526,-71.06130589
ROBBERY,2018,WASHINGTON ST,42.35591935,-71.06000539
ROBBERY,2018,E BERKELEY ST,42.34393909,-71.06594762
ROBBERY,2018,TREMONT ST,42.35637531,-71.06213513
ROBBERY,2018,WASHINGTON ST,42.3353741,-71.0783156
ROBBERY,2018,EVERETT ST,42.35595391,-71.13852468
ROBBERY,2018,E CONCORD ST,42.33648039,-71.07321503
ROBBERY,2018,ALGONQUIN ST,42.29742411,-71.07531358
ROBBERY,2018,NEW SUDBURY ST,42.36262318,-71.05793495
ROBBERY,2018,DORCHESTER AVE,42.28657334,-71.06408374
ROBBERY,2018,E CONCORD ST,42.33572403,-71.07232651
ROBBERY,2018,DORCHESTER AVE,42.28526024,-71.06444063
ROBBERY,2018,TREMONT ST,42.35311007,-71.06432264
ROBBERY,2018,CARNEY CT,42.37915428,-71.06022431
ROBBERY,2018,GENERAL LAWRENCE J LOGAN ,42.32779674,-71.05435602
ROBBERY,2018,CLIFFORD ST,42.31985444,-71.07972518
ROBBERY,2018,CUMMINS HWY,42.26833327,-71.09541448
ROBBERY,2018,MILLET ST,42.29277639,-71.07659233
ROBBERY,2018,BORDER ST,42.38229155,-71.04036424
ROBBERY,2018,FANEUIL ST,42.35555336,-71.15274721
ROBBERY,2018,PARK ST,42.35650174,-71.0619996
ROBBERY,2018,MASSACHUSETTS AVE,42.32952684,-71.06917216
ROBBERY,2018,SUSSEX ST,42.33622661,-71.08408673
ROBBERY,2018,DORCHESTER AVE,42.28657334,-71.06408374
ROBBERY,2018,WALNUT AVE,42.32217348,-71.08506711
ROBBERY,2018,DORCHESTER AVE,42.28657334,-71.06408374
ROBBERY,2018,BLUE HILL AVE,42.3252158,-71.07492178
ROBBERY,2018,WASHINGTON ST,42.29360585,-71.0718865
ROBBERY,2018,BOYLSTON ST,42.35251005,-71.06719166
ROBBERY,2018,TREMONT ST,42.356585,-71.06189505
ROBBERY,2018,LATTIMORE CT,42.33676619,-71.08205122
ROBBERY,2018,MONSIGNOR DENNIS F O'CALL,42.32476494,-71.05340359
ROBBERY,2018,RIVER ST,42.27130225,-71.07442362
ROBBERY,2018,TREMONT ST,42.33738014,-71.08388901
ROBBERY,2018,MILK ST,42.35822966,-71.05362239
ROBBERY,2018,DORCHESTER AVE,42.28526024,-71.06444063
ROBBERY,2018,RIVER ST,42.27130225,-71.07442362
ROBBERY,2018,TEMPLE ST,42.27980181,-71.16196326
ROBBERY,2018,HAROLD ST,42.31331114,-71.09231517
ROBBERY,2018,ADAMS ST,42.28824992,-71.05536739
ROBBERY,2018,BRUNSWICK ST,42.31089986,-71.08007661
ROBBERY,2018,WARREN ST,42.3169665,-71.08254058
ROBBERY,2018,OAK ST,42.34823537,-71.06288251
ROBBERY,2018,WOODCLIFF ST,42.31580934,-71.07618683
ROBBERY,2018,DALTON ST,42.3457782,-71.08429595
ROBBERY,2018,HARVARD ST,42.29648008,-71.08001594
ROBBERY,2018,SOUTHAMPTON ST,42.32962107,-71.05763827
ROBBERY,2018,TREMONT ST,42.35907171,-71.05973044
ROBBERY,2018,FAYWOOD AVE,42.39214603,-71.00893922
ROBBERY,2018,FAYWOOD AVE,42.39214603,-71.00893922
ROBBERY,2018,RIVER ST,42.26871441,-71.09221139
ROBBERY,2018,ATLANTIC AVE,42.3499784,-71.05683752
ROBBERY,2018,WEST ST,42.35459106,-71.0621901
ROBBERY,2018,TRUMAN PKWY,42.24124926,-71.12629908
ROBBERY,2018,DUNLAP ST,42.29281079,-71.07327594
ROBBERY,2018,BOYLSTON ST,42.34862382,-71.08277637
ROBBERY,2018,HUNTINGTON AVE,42.33186291,-71.1123942
ROBBERY,2018,BEACON ST,42.35812101,-71.06085258
ROBBERY,2018,FAIRLAWN AVE,42.26788791,-71.10067012
ROBBERY,2018,RIVER ST,42.26283035,-71.10809203
ROBBERY,2018,MASSACHUSETTS AVE,42.33562126,-71.07582361
ROBBERY,2018,WINTER ST,42.35571985,-71.06110871
ROBBERY,2018,HANCOCK ST,42.31558145,-71.0661489
ROBBERY,2018,FRANKLIN PARK RD,42.30238064,-71.0871183
ROBBERY,2018,TALBOT AVE,42.29196961,-71.07795509
ROBBERY,2018,GENEVA AVE,42.29848866,-71.06313294
ROBBERY,2018,DAY ST,42.32461801,-71.10804116
ROBBERY,2018,DAY ST,42.32461801,-71.10804116
ROBBERY,2018,ESSEX ST,42.35232087,-71.05801215
ROBBERY,2018,BOYLSTON ST,42.35009599,-71.0773211
ROBBERY,2018,OPHIR ST,42.31087647,-71.1044458
ROBBERY,2018,HARRISON AVE,42.34753377,-71.0627565
ROBBERY,2018,NORFOLK ST,42.28287754,-71.08474489
ROBBERY,2018,MUNROE ST,42.3185759,-71.08767243
ROBBERY,2018,GLENDALE ST,42.31288478,-71.06698234
ROBBERY,2018,TRENTON ST,42.37968456,-71.03428645
ROBBERY,2018,MERIDIAN ST,42.37374231,-71.03905688
ROBBERY,2018,HAVRE ST,42.36953195,-71.0412243
ROBBERY,2018,EUSTIS ST,42.3290038,-71.07838214
ROBBERY,2018,WASHINGTON ST,42.31615184,-71.09795135
ROBBERY,2018,WASHINGTON ST,42.32925905,-71.08482402
ROBBERY,2018,HANOVER ST,42.36339154,-71.05488123
ROBBERY,2018,WASHINGTON ST,42.33044113,-71.08373481
ROBBERY,2018,BROOKFORD ST,42.31840696,-71.0763541
ROBBERY,2018,N HARVARD ST,42.36668653,-71.12529557
ROBBERY,2018,WASHINGTON ST,42.30775024,-71.08273084
ROBBERY,2018,ORLEANS ST,42.368114,-71.03798232
ROBBERY,2018,BURBANK ST,42.34447409,-71.08889326
ROBBERY,2018,MAVERICK ST,42.37029336,-71.03925861
ROBBERY,2018,HARRISON AVE,42.33511904,-71.0749171
ROBBERY,2018,HEATH ST,42.32665471,-71.10679596
ROBBERY,2018,RIVER ST,42.2445177,-71.13722687
ROBBERY,2018,GLENWAY ST,42.30131086,-71.08443841
ROBBERY,2018,BOYLSTON ST,42.34862382,-71.08277637
ROBBERY,2018,AVENUE DE LAFAYETTE,42.35331987,-71.06102314
ROBBERY,2018,HOMESTEAD ST,42.31342215,-71.09348975
ROBBERY,2018,BOWER ST,42.31996758,-71.08715022
ROBBERY,2018,HOLDEN ROW,42.37826676,-71.06520304
ROBBERY,2018,WALKER ST,42.3791344,-71.06685375
ROBBERY,2018,ARLINGTON ST,42.35287295,-71.07118968
ROBBERY,2018,MORA ST,42.28208198,-71.07364875
ROBBERY,2018,LEWIS MALL,42.36849441,-71.04004705
ROBBERY,2018,HANCOCK ST,42.37845716,-71.06251441
ROBBERY,2018,CENTRE ST,42.29506405,-71.05672533
ROBBERY,2018,HUDSON ST,42.35074197,-71.06006135
ROBBERY,2018,COLEMAN ST,42.30776342,-71.06683062
ROBBERY,2018,VAN WINKLE ST,42.28250165,-71.0636383
ROBBERY,2018,BLAKEVILLE ST,42.30387085,-71.07048462
ROBBERY,2018,COLUMBUS AVE,42.31590032,-71.09820045
ROBBERY,2018,GREEN ST,42.37601727,-71.06391748
ROBBERY,2018,TREMONT ST,42.35311007,-71.06432264
ROBBERY,2018,BLUE HILL AVE,42.29489981,-71.08805852
ROBBERY,2018,ARLINGTON ST,42.34825252,-71.06924615
ROBBERY,2018,FAIRLAWN AVE,42.26788791,-71.10067012
ROBBERY,2018,COMMONWEALTH AVE,42.35068065,-71.12769723
ROBBERY,2018,PI ALY,42.35811879,-71.0584551
ROBBERY,2018,SOUTH ST,42.35110203,-71.05735186
ROBBERY,2018,BLUE HILL AVE,42.30082268,-71.08589873
ROBBERY,2018,SOUTHERN AVE,42.29026233,-71.07473856
ROBBERY,2018,WASHINGTON ST,42.35123006,-71.06289921
ROBBERY,2018,SHAWMUT AVE,42.33248759,-71.08365801
ROBBERY,2018,DARTMOUTH ST,42.34762277,-71.07606735
ROBBERY,2018,KINGSTON ST,42.35202275,-71.05932
ROBBERY,2018,ADAMS ST,42.29166311,-71.05732414
ROBBERY,2018,SARATOGA ST,42.38064063,-71.02556481
ROBBERY,2018,RUTHVEN ST,42.31302406,-71.09073569
ROBBERY,2018,ALLSTON ST,42.29168992,-71.06671068
ROBBERY,2018,WASHINGTON ST,42.28180103,-71.13311579
ROBBERY,2018,WASHINGTON ST,42.28309189,-71.131732
ROBBERY,2018,GLENWAY ST,42.30131086,-71.08443841
ROBBERY,2018,COLEUS PARK,42.31025836,-71.07587229
ROBBERY,2018,BOYLSTON ST,42.3523119,-71.0637051
ROBBERY,2018,LEYLAND ST,42.32066147,-71.07067867
ROBBERY,2018,BLUE HILL AVE,42.28374569,-71.09153583
ROBBERY,2018,NORFOLK ST,42.28915232,-71.07346
ROBBERY,2018,ATKINSON ST,42.33189752,-71.06908191
ROBBERY,2018,FRANKLIN ST,42.35555882,-71.05849336
ROBBERY,2018,WASHINGTON ST,42.29212974,-71.07175746
ROBBERY,2018,COLUMBIA RD,42.31685976,-71.06527513
ROBBERY,2018,STATE ST,42.359287,-71.05379102
ROBBERY,2018,MARION ST,42.37575891,-71.03536688
ROBBERY,2018,TUFTS ST,42.37877257,-71.05677893
ROBBERY,2018,COLUMBIA RD,42.30391611,-71.08259618
ROBBERY,2018,NORFOLK ST,42.27897754,-71.08954272
ROBBERY,2018,EVERETT ST,42.35595391,-71.13852468
ROBBERY,2018,GALLIVAN BLVD,42.28512354,-71.04405667
ROBBERY,2018,FULLER ST,42.28368807,-71.06587898
ROBBERY,2018,PRENTISS ST,42.33414659,-71.09470188
ROBBERY,2018,SUMMER ST,42.35521625,-71.06012863
ROBBERY,2018,HEATH ST,42.32624204,-71.10317575
ROBBERY,2018,BARRY ST,42.30977065,-71.06699385
ROBBERY,2018,DUDLEY ST,42.32872589,-71.08382217
ROBBERY,2018,MOORE ST,42.33126177,-71.06588201
ROBBERY,2018,CHAUNCY ST,42.35251737,-71.06112927
ROBBERY,2018,WASHINGTON ST,42.35358129,-71.06236665
ROBBERY,2018,BOYLSTON ST,42.3436134,-71.10130276
ROBBERY,2018,NEWMARKET SQ,42.32938159,-71.06704418
ROBBERY,2018,SOUTHAMPTON ST,42.32962107,-71.05763827
ROBBERY,2018,BERKELEY ST,42.35205262,-71.0734441
ROBBERY,2018,S CHARLAME CT,42.31939136,-71.08544157
ROBBERY,2018,CRAWFORD ST,42.31629691,-71.09175536
ROBBERY,2018,RIVER ST,42.25604138,-71.12102424
ROBBERY,2018,DORCHESTER AVE,42.28986397,-71.06315894
ROBBERY,2018,MORTON ST,42.28187061,-71.08751152
ROBBERY,2018,MORTON ST,42.28187061,-71.08751152
ROBBERY,2018,WOODROW AVE,42.28783644,-71.08101039
ROBBERY,2018,NAVARRE ST,42.27458078,-71.11766502
ROBBERY,2018,DALE ST,42.32328409,-71.08937234
ROBBERY,2018,FIRST AVE,42.37749764,-71.05031219
ROBBERY,2018,LEXINGTON ST,42.37987589,-71.03171809
ROBBERY,2018,ATKINSON ST,42.33189752,-71.06908191
ROBBERY,2018,EVERETT ST,42.35595391,-71.13852468
ROBBERY,2018,DUDLEY ST,42.32297261,-71.07317313
ROBBERY,2018,WILLIAM T MORRISSEY BLVD,42.30027016,-71.04967147
ROBBERY,2018,TALBOT AVE,42.2871482,-71.06493039
ROBBERY,2018,KENWOOD ST,42.29167441,-71.07172281
ROBBERY,2018,LYNDHURST ST,42.29290563,-71.06955795
ROBBERY,2018,LYNDHURST ST,42.29290563,-71.06955795
ROBBERY,2018,GERARD ST,42.3322228,-71.07167184
ROBBERY,2018,TRUMAN PKWY,42.25194322,-71.11925138
ROBBERY,2018,HARRISON AVE,42.33478683,-71.07532946
ROBBERY,2018,ALASKA ST,42.3210436,-71.07865897
ROBBERY,2018,ALASKA ST,42.3210436,-71.07865897
ROBBERY,2018,MICHIGAN AVE,42.30250605,-71.083294
ROBBERY,2018,CHELSEA ST,42.37977166,-71.02730041
ROBBERY,2018,BLUE HILL AVE,42.30638316,-71.08435635
ROBBERY,2018,DORCHESTER AVE,42.2938387,-71.06202501
ROBBERY,2018,HOMESTEAD ST,42.31014403,-71.08759179
ROBBERY,2018,SOUTHAMPTON ST,42.33210843,-71.07014395
ROBBERY,2018,VICTORY RD,42.29578949,-71.05581808
ROBBERY,2018,WASHINGTON ST,42.35213476,-71.06266757
ROBBERY,2018,HUNTINGTON AVE,42.34091586,-71.08771531
ROBBERY,2018,WINTER ST,42.35571985,-71.06110871
ROBBERY,2018,MARTIN LUTHER KING JR BLV,42.31860134,-71.08405792
ROBBERY,2018,WELLINGTON HILL ST,42.28039667,-71.09473186
ROBBERY,2018,FOREST HILLS ST,42.30887462,-71.10247235
ROBBERY,2018,DORCHESTER AVE,42.33138444,-71.05697531
ROBBERY,2018,TREMONT ST,42.35540738,-71.06312433
ROBBERY,2018,BOWDOIN ST,42.3036967,-71.07104897
ROBBERY,2018,DEERING RD,42.28414025,-71.09305138
ROBBERY,2018,STATE ST,42.35942556,-71.05288819
ROBBERY,2018,TEMPLE ST,42.27327428,-71.07251356
ROBBERY,2018,MAIN ST,42.37746305,-71.06697969
ROBBERY,2018,DORCHESTER AVE,42.2908347,-71.06288798
ROBBERY,2018,FULLER ST,42.28314378,-71.06766456
ROBBERY,2018,COLUMBUS AVE,42.31771534,-71.09823049
ROBBERY,2018,BOYLSTON ST,42.3523119,-71.0637051
ROBBERY,2018,FALCON ST,42.38196252,-71.03026651
ROBBERY,2018,BENNINGTON ST,42.38305084,-71.0173536
ROBBERY,2018,SUMMER ST,42.35474968,-71.05951251
ROBBERY,2018,ALBANY ST,42.33428841,-71.07239518
ROBBERY,2018,BROOKLINE AVE,42.34717072,-71.09855075
ROBBERY,2018,BRUNSWICK ST,42.31089986,-71.08007661
ROBBERY,2018,ROXBURY ST,42.3300733,-71.09126467
ROBBERY,2018,BLUE HILL AVE,42.30938437,-71.08262277
ROBBERY,2018,WASHINGTON ST,42.29492396,-71.11910662
ROBBERY,2018,NEPTUNE RD,42.38043677,-71.02611991
ROBBERY,2018,COMMONWEALTH AVE,42.34888559,-71.14007361
ROBBERY,2018,WELLINGTON HILL ST,42.28039667,-71.09473186
ROBBERY,2018,DALTON ST,42.34634313,-71.08482013
ROBBERY,2018,DORCHESTER AVE,42.3290376,-71.05694505
ROBBERY,2018,SOUTH ST,42.35110203,-71.05735186
ROBBERY,2018,WARREN ST,42.31865102,-71.08162344
ROBBERY,2018,E CONCORD ST,42.33753031,-71.07448985
ROBBERY,2018,MORTON ST,42.30016125,-71.10898052
ROBBERY,2018,WINTER ST,42.35602373,-71.06177615
ROBBERY,2018,WASHINGTON ST,42.29451037,-71.07197241
ROBBERY,2018,MERIDIAN ST,42.38289141,-71.03930932
ROBBERY,2018,STRATHMORE RD,42.33777155,-71.14740953
ROBBERY,2018,,42.30521265,-71.0683617
ROBBERY,2018,TREMONT ST,42.35311007,-71.06432264
ROBBERY,2018,GLEN RD,42.30943548,-71.10456991
ROBBERY,2018,SHELBY ST,42.38090412,-71.02795572
ROBBERY,2018,GLENWAY ST,42.30018979,-71.08244261
ROBBERY,2018,FORBES ST,42.3211829,-71.1068278
ROBBERY,2018,SCHOOL ST,42.3575462,-71.05881953
ROBBERY,2018,SCHOOL ST,42.3575462,-71.05881953
ROBBERY,2018,CENTRE ST,42.27877089,-71.15946645
ROBBERY,2018,KILMARNOCK ST,42.34353469,-71.09980109
ROBBERY,2018,KINGSTON ST,42.35370585,-71.05898587
ROBBERY,2018,STATE ST,42.35902548,-71.05567996
ROBBERY,2018,CUMMINS HWY,42.27043477,-71.10005783
ROBBERY,2018,BURNEY ST,42.33188687,-71.0995439
ROBBERY,2018,CUMMINS HWY,42.27022181,-71.09892736
ROBBERY,2018,SAVIN HILL AVE,42.31060867,-71.05225582
ROBBERY,2018,WEST ST,42.35459106,-71.0621901
ROBBERY,2018,GREENWICH ST,42.30348022,-71.05842644
ROBBERY,2018,BENNINGTON ST,42.37546983,-71.03730221
ROBBERY,2018,CENTRE ST,42.28251404,-71.15747905
ROBBERY,2018,CENTRE ST,42.28728494,-71.15306857
ROBBERY,2018,COLUMBIA RD,42.31635508,-71.06593853
ROBBERY,2018,PRINCETON ST,42.37949494,-71.0306854
ROBBERY,2018,BELGRADE AVE,42.28665632,-71.13128576
ROBBERY,2018,ALBION ST,42.3220384,-71.07140396
ROBBERY,2018,LATTIMORE CT,42.33676619,-71.08205122
ROBBERY,2018,SARATOGA ST,42.37864819,-71.03089238
ROBBERY,2018,GENERAL LAWRENCE J LOGAN ,42.32828842,-71.05529696
ROBBERY,2018,CHARLES ST,42.29990887,-71.06424768
ROBBERY,2018,HAMPDEN ST,42.32829617,-71.07508786
ROBBERY,2018,CHASE ST,42.31840845,-71.05974267
ROBBERY,2018,VILLAGE CT,42.34569316,-71.06857257
ROBBERY,2018,BICKFORD ST,42.32483301,-71.10164757
ROBBERY,2018,EVERETT AVE,42.31600283,-71.06272297
ROBBERY,2018,LONDON ST,42.37568399,-71.03624887
ROBBERY,2018,HUNTINGTON AVE,42.34857652,-71.07772012
ROBBERY,2018,EDSON ST,42.28623708,-71.07768279
ROBBERY,2018,JULIETTE ST,42.30584423,-71.06261555
ROBBERY,2018,NEWACRE RD,42.24550885,-71.11889368
ROBBERY,2018,WASHINGTON ST,42.33675016,-71.07662788
ROBBERY,2018,MERRILL ST,42.30305078,-71.07968913
ROBBERY,2018,NORMANDY ST,42.31130246,-71.07824138
ROBBERY,2018,MARKET ST,42.35046039,-71.15265804
ROBBERY,2018,SCHOOL ST,42.35788876,-71.06010047
ROBBERY,2018,SALISBURY PARK,42.29928376,-71.059172
ROBBERY,2018,COLUMBUS AVE,42.31506898,-71.09746579
ROBBERY,2018,WASHINGTON ST,42.27913786,-71.06970635
ROBBERY,2018,WASHINGTON ST,42.35272948,-71.06256291
ROBBERY,2018,EVERTON ST,42.30481467,-71.07218295
ROBBERY,2018,CUMMINS HWY,42.2796959,-71.11832827
ROBBERY,2018,PRINCETON ST,42.37886156,-71.03238522
ROBBERY,2018,WARREN ST,42.31865102,-71.08162344
ROBBERY,2018,NORTHAMPTON ST,42.33690201,-71.07871786
ROBBERY,2018,THOMPSON SQ,42.3751514,-71.0639642
ROBBERY,2018,W BROADWAY,42.336112,-71.04665434
ROBBERY,2018,TYLER ST,42.3509006,-71.0606869
ROBBERY,2018,E COTTAGE ST,42.32126855,-71.0669728
ROBBERY,2018,DEWEY ST,42.31684817,-71.07778336
ROBBERY,2018,CENTRE ST,42.32288805,-71.10174617
ROBBERY,2018,OLD COLONY AVE,42.32422562,-71.05242608
ROBBERY,2018,BAY VIEW PL,42.3314085,-71.03911986
ROBBERY,2018,BLUE HILL AVE,42.32324394,-71.07642483
ROBBERY,2018,BLUE HILL AVE,42.32324394,-71.07642483
ROBBERY,2018,TALBOT AVE,42.2871482,-71.06493039
ROBBERY,2018,WELLINGTON HILL ST,42.28132815,-71.09564039
ROBBERY,2018,BENNINGTON ST,42.3764438,-71.03474021
ROBBERY,2018,BENNINGTON ST,42.37546983,-71.03730221
ROBBERY,2018,BROOKS ST,42.37958999,-71.03556964
ROBBERY,2018,HOMESTEAD ST,42.31014403,-71.08759179
ROBBERY,2018,ALBANY ST,42.33428841,-71.07239518
ROBBERY,2018,EDGEWOOD ST,42.31845834,-71.08032338
ROBBERY,2018,FOREST HILLS ST,42.31078949,-71.10224589
ROBBERY,2018,BORDER ST,42.37957532,-71.04011349
ROBBERY,2018,WEBSTER ST,42.36690003,-71.03741912
ROBBERY,2018,CROWELL ST,42.28297379,-71.08194011
ROBBERY,2018,NIGHTINGALE ST,42.2943441,-71.0860401
ROBBERY,2018,NIGHTINGALE ST,42.2943441,-71.0860401
ROBBERY,2018,CONGRESS ST,42.36156104,-71.05758234
ROBBERY,2018,ESSEX ST,42.35249436,-71.0613928
ROBBERY,2018,DRAPER ST,42.30540715,-71.06547135
ROBBERY,2018,BOYLSTON ST,42.34980175,-71.07840978
ROBBERY,2018,AUSTIN ST,42.37507158,-71.06517497
ROBBERY,2018,MEDFORD ST,42.38099773,-71.06210065
ROBBERY,2018,HANOVER ST,42.36683278,-71.05261725
ROBBERY,2018,SARATOGA ST,42.38208102,-71.02170103
ROBBERY,2018,COLUMBIA RD,42.30876959,-71.07460717
ROBBERY,2018,BLUE HILL AVE,42.3043395,-71.08477887
ROBBERY,2018,COLUMBUS AVE,42.31506898,-71.09746579
ROBBERY,2018,SHAWMUT AVE,42.34277705,-71.06952709
ROBBERY,2018,DARTMOUTH ST,42.34767067,-71.07620742
ROBBERY,2018,DARTMOUTH ST,42.34767067,-71.07620742
ROBBERY,2018,WOODROW AVE,42.28783644,-71.08101039
ROBBERY,2018,DEXTER ST,42.3303353,-71.05760678
ROBBERY,2018,BLUE HILL AVE,42.30896999,-71.08284839
ROBBERY,2018,CENTRE ST,42.32270922,-71.09932317
ROBBERY,2018,BLUE HILL AVE,42.30867785,-71.0829592
ROBBERY,2018,BEACON ST,42.3360657,-71.1506272
ROBBERY,2018,BEACON ST,42.3360657,-71.1506272
ROBBERY,2018,RIVER ST,42.26663472,-71.09677697
ROBBERY,2018,RIVER ST,42.26663472,-71.09677697
ROBBERY,2018,TRAIN ST,42.29455098,-71.0549808
ROBBERY,2018,MCBRIDE ST,42.30581531,-71.109627
ROBBERY,2018,COLUMBIA RD,42.31363409,-71.06778025
ROBBERY,2018,COLUMBUS AVE,42.31544795,-71.09817611
ROBBERY,2018,PUTNAM ST,42.38093483,-71.03342368
ROBBERY,2018,HEATH ST,42.32665471,-71.10679596
ROBBERY,2018,,42.35238871,-71.06260312
ROBBERY,2018,WASHINGTON ST,42.30649283,-71.08180677
ROBBERY,2018,ARCADIA PARK,42.30087717,-71.06378853
ROBBERY,2018,COLUMBIA RD,42.30876959,-71.07460717
ROBBERY,2018,HARRISON AVE,42.33511904,-71.0749171
ROBBERY,2018,STANWOOD TER,42.30978366,-71.08073158
ROBBERY,2018,D ST,42.34042575,-71.04894028
ROBBERY,2018,SARATOGA ST,42.37784577,-71.03303551
ROBBERY,2018,TRENT ST,42.30918419,-71.06553969
ROBBERY,2018,MASSACHUSETTS AVE,42.33152148,-71.07085307
ROBBERY,2018,WASHINGTON ST,42.29257648,-71.07179406
ROBBERY,2018,HARRISON AVE,42.33401829,-71.07638124
ROBBERY,2018,ALBANY ST,42.333572,-71.0734305
ROBBERY,2018,TALBOT AVE,42.29004971,-71.07021576
ROBBERY,2018,COLUMBIA RD,42.30781095,-71.07581764
ROBBERY,2018,NORFOLK ST,42.28056608,-71.08801662
ROBBERY,2018,WASHINGTON ST,42.28962239,-71.07141943
ROBBERY,2018,HAVRE ST,42.37495129,-71.03587934
ROBBERY,2018,WARREN ST,42.34988575,-71.14522971
ROBBERY,2018,BELGRADE AVE,42.28665632,-71.13128576
ROBBERY,2018,FLORENCE ST,42.28597581,-71.12013926
ROBBERY,2018,DUDLEY ST,42.328597,-71.08274741
ROBBERY,2018,NEW SUDBURY ST,42.36183857,-71.05976489
ROBBERY,2018,BOYLSTON ST,42.34674238,-71.08970931
ROBBERY,2018,HAROLD ST,42.31396775,-71.09178832
ROBBERY,2018,EUTAW ST,42.38020764,-71.03493578
ROBBERY,2018,E COTTAGE ST,42.31990058,-71.06085392
ROBBERY,2018,BOYLSTON ST,42.34980175,-71.07840978
ROBBERY,2018,SOUTHAMPTON ST,42.33210843,-71.07014395
ROBBERY,2018,SARATOGA ST,42.38490217,-71.00186562
ROBBERY,2018,WASHINGTON ST,42.30775024,-71.08273084
ROBBERY,2018,BOYLSTON ST,42.31631666,-71.1029721
ROBBERY,2018,GOVE ST,42.37194136,-71.03816414
ROBBERY,2018,DEVON ST,42.30987217,-71.07959478
ROBBERY,2018,BOURNESIDE ST,42.29579205,-71.06245826
ROBBERY,2018,W THIRD ST,42.33768604,-71.04696266
ROBBERY,2018,WASHINGTON ST,42.35213476,-71.06266757
ROBBERY,2018,MASSACHUSETTS AVE,42.32856401,-71.06835343
ROBBERY,2018,MAVERICK SQ,42.36917081,-71.03970662
ROBBERY,2018,BROAD ST,42.35736588,-71.05250551
ROBBERY,2018,ROSELAND ST,42.29075482,-71.06470371
ROBBERY,2018,W BROADWAY,42.34006986,-71.0527942
ROBBERY,2018,FRANCIS ST,42.33606304,-71.10782832
ROBBERY,2018,TREMONT ST,42.34149581,-71.07624518
ROBBERY,2018,COLUMBIA RD,42.30733393,-71.0763704
ROBBERY,2018,TRENTON ST,42.38070263,-71.03157225
ROBBERY,2018,MASSACHUSETTS AVE,42.33152148,-71.07085307
ROBBERY,2018,WINTER ST,42.35554806,-71.0607314
ROBBERY,2018,TREMONT ST,42.35540738,-71.06312433
ROBBERY,2018,DORCHESTER AVE,42.2908347,-71.06288798
ROBBERY,2018,MAIN ST,42.37746305,-71.06697969
ROBBERY,2018,AVERY ST,42.3532601,-71.06283216
ROBBERY,2018,TALBOT AVE,42.29231412,-71.07912029
ROBBERY,2018,HARRISON AVE,42.335007,-71.075067
ROBBERY,2018,BOYLSTON ST,42.34489594,-71.09659186
ROBBERY,2018,DORCHESTER AVE,42.28657334,-71.06408374
ROBBERY,2018,BLUE HILL AVE,42.28428259,-71.09154921
ROBBERY,2018,HANOVER ST,42.36179428,-71.0571127
ROBBERY,2018,COMMERCIAL ST,42.3616006,-71.05296127
ROBBERY,2018,BOYLSTON ST,42.31433686,-71.10151543
ROBBERY,2018,SCHOOL ST,42.3575462,-71.05881953
ROBBERY,2018,DORCHESTER AVE,42.2908347,-71.06288798
ROBBERY,2018,EVANS ST,42.28229312,-71.08088944
ROBBERY,2018,SCHOOL ST,42.3575462,-71.05881953
ROBBERY,2018,,42.2688739,-71.0960361
ROBBERY,2018,COOPER ST,42.36444073,-71.05699892
ROBBERY,2018,W BROADWAY,42.336112,-71.04665434
ROBBERY,2018,LATTIMORE CT,42.33676619,-71.08205122
ROBBERY,2018,E EIGHTH ST,42.33136822,-71.04112821
ROBBERY,2018,TREMONT ST,42.35540738,-71.06312433
ROBBERY,2018,SUMNER ST,42.36772441,-71.03706813
ROBBERY,2018,HANOVER ST,42.36339154,-71.05488123
ROBBERY,2018,BLUE HILL AVE,42.32153248,-71.07738533
ROBBERY,2018,GOVE ST,42.3721588,-71.03852378
ROBBERY,2018,GORDON ST,42.34966796,-71.13995527
ROBBERY,2018,HEREFORD ST,42.34894667,-71.08574065
ROBBERY,2018,HYDE PARK AVE,42.25332979,-71.12467152
ROBBERY,2018,PORTLAND ST,42.3642384,-71.06165515
ROBBERY,2018,SEAVER ST,42.30878855,-71.09055618
ROBBERY,2018,CAUSEWAY ST,42.36481242,-71.0623933
ROBBERY,2018,BLUE HILL AVE,42.28611489,-71.09071443
ROBBERY,2018,VFW PKWY,42.28536992,-71.17244016
ROBBERY,2018,TREMONT ST,42.33344875,-71.10266448
ROBBERY,2018,WESTLAND AVE,42.34391716,-71.08967541
ROBBERY,2018,HUMBOLDT AVE,42.31521134,-71.08783592
ROBBERY,2018,DORCHESTER AVE,42.28657334,-71.06408374
ROBBERY,2018,HARVARD ST,42.29812402,-71.07589794
ROBBERY,2018,BROOKS ST,42.37640217,-71.03297149
ROBBERY,2018,PRATT ST,42.35501072,-71.12887911
ROBBERY,2018,HARVARD ST,42.29648008,-71.08001594
ROBBERY,2018,PREBLE ST,42.32924234,-71.05362304
ROBBERY,2018,PRESCOTT ST,42.37904767,-71.0298208
ROBBERY,2018,E EIGHTH ST,42.33135698,-71.04206352
ROBBERY,2018,COLUMBUS AVE,42.31370136,-71.09551192
ROBBERY,2018,BENNINGTON ST,42.37900759,-71.02790689
ROBBERY,2018,BLUE HILL AVE,42.28582356,-71.09104328
ROBBERY,2018,STATE ST,42.35913205,-71.05504984
ROBBERY,2018,GENERAL LAWRENCE J LOGAN ,42.32828842,-71.05529696
ROBBERY,2018,RUTHVEN ST,42.31302406,-71.09073569
ROBBERY,2018,ROXBURY ST,42.33019207,-71.09355705
ROBBERY,2018,E SECOND ST,42.33743805,-71.02846551
ROBBERY,2018,WARREN ST,42.32978737,-71.08324801
ROBBERY,2018,DORCHESTER AVE,42.28657334,-71.06408374
ROBBERY,2018,ORTON-MAROTTA WAY,42.33857289,-71.05575501
ROBBERY,2018,DARTMOUTH ST,42.34373406,-71.0741916
ROBBERY,2018,KERWIN ST,42.29356132,-71.08129517
ROBBERY,2018,MORSE ST,42.30393928,-71.07896352
ROBBERY,2018,COLUMBUS AVE,42.32199334,-71.09836126
ROBBERY,2018,POPLAR ST,42.28175144,-71.12708183
ROBBERY,2018,MARION ST,42.37817244,-71.03729943
ROBBERY,2018,BLUE HILL AVE,42.26994732,-71.09380308
ROBBERY,2018,PASADENA RD,42.30576093,-71.08377157
ROBBERY,2018,HUNTINGTON AVE,42.33186291,-71.1123942
ROBBERY,2018,DUDLEY ST,42.31840989,-71.06829176
ROBBERY,2018,HARTFORD ST,42.31535276,-71.07304299
ROBBERY,2018,ADAMS ST,42.27113353,-71.06819173
ROBBERY,2018,GARFIELD AVE,42.24361883,-71.11989255
ROBBERY,2018,ORLANDO ST,42.27425136,-71.09938919
ROBBERY,2018,METROPOLITAN AVE,42.26209214,-71.11670964
ROBBERY,2018,NAZING ST,42.30664081,-71.08584976
ROBBERY,2018,TREMONT ST,42.35260187,-71.06448146
ROBBERY,2018,WINTER ST,42.35602373,-71.06177615
ROBBERY,2018,MARLBOROUGH ST,42.35256908,-71.07978844
ROBBERY,2018,CANTERBURY ST,42.27946828,-71.11572773
ROBBERY,2018,DORCHESTER AVE,42.29147188,-71.06270799
ROBBERY,2018,BROCKTON ST,42.27256733,-71.09746094
ROBBERY,2018,WOODCLIFF ST,42.31610241,-71.07756199
ROBBERY,2018,CONGRESS ST,42.35912459,-71.05695844
ROBBERY,2018,BOSTONIA AVE,42.34866017,-71.16801858
ROBBERY,2018,NORFOLK ST,42.28287754,-71.08474489
ROBBERY,2018,TALBOT AVE,42.28863812,-71.06631579
ROBBERY,2018,FIDELIS WAY,42.34531664,-71.14298078
ROBBERY,2018,FRANKLIN ST,42.35543089,-71.05767661
ROBBERY,2018,STUART ST,42.34843357,-71.0758794
ROBBERY,2018,SUMMER ST,42.35521625,-71.06012863
ROBBERY,2018,BOYLSTON ST,42.34980175,-71.07840978
ROBBERY,2018,LANSDOWNE ST,42.34717363,-71.0964439
ROBBERY,2018,BOYLSTON ST,42.3523119,-71.0637051
ROBBERY,2018,LANDOR RD,42.28319809,-71.09098657
ROBBERY,2018,LINCOLN ST,42.35131763,-71.05838367
ROBBERY,2018,GENEVA AVE,42.30046668,-71.06647544
ROBBERY,2018,BOSTON ST,42.32949944,-71.05701312
ROBBERY,2018,COMMERCIAL ST,42.35952721,-71.05358839
ROBBERY,2018,RIVER ST,42.26726416,-71.09461109
ROBBERY,2018,RIVER ST,42.26726416,-71.09461109
ROBBERY,2018,RIVER ST,42.26726416,-71.09461109
ROBBERY,2018,BALFOUR ST,42.31466062,-71.07623072
ROBBERY,2018,BLUE HILL AVE,42.28582356,-71.09104328
ROBBERY,2018,MASSACHUSETTS AVE,42.33152148,-71.07085307
ROBBERY,2018,DORCHESTER AVE,42.29282031,-71.06232824
ROBBERY,2018,DORCHESTER AVE,42.28862665,-71.06350471
ROBBERY,2018,FENWAY,42.33903069,-71.09688153
ROBBERY,2018,WARREN ST,42.31503085,-71.08344018
ROBBERY,2018,DORCHESTER AVE,42.28657334,-71.06408374
ROBBERY,2018,MARION ST,42.37549798,-71.03495855
ROBBERY,2018,WARREN ST,42.32943305,-71.08333026
ROBBERY,2018,WASHINGTON ST,42.28581121,-71.07115483
ROBBERY,2018,N BEACON ST,42.35528211,-71.14566136
ROBBERY,2018,N BEACON ST,42.35528211,-71.14566136
ROBBERY,2018,BRIGHTON AVE,42.353429,-71.136782
ROBBERY,2018,BRAINTREE ST,42.35645598,-71.13725124
ROBBERY,2018,BRAINTREE ST,42.35645598,-71.13725124
ROBBERY,2018,CHARLES ST,42.30014431,-71.06337934
ROBBERY,2017,BOYLSTON ST,42.3523119,-71.0637051
ROBBERY,2018,WASHINGTON ST,42.29257648,-71.07179406
ROBBERY,2018,ADAMS ST,42.28787216,-71.05506324
ROBBERY,2018,BLUE HILL AVE,42.3043395,-71.08477887
ROBBERY,2018,BAYSWATER ST,42.38284675,-71.00049462
ROBBERY,2018,BLUE HILL AVE,42.26817397,-71.09387677
ROBBERY,2018,PARIS ST,42.37442697,-71.03527876
ROBBERY,2018,WASHINGTON ST,42.34334672,-71.06643142
ROBBERY,2018,BROOKS ST,42.37624409,-71.03272932
ROBBERY,2018,BLUE HILL AVE,42.3043395,-71.08477887
ROBBERY,2018,BLUE HILL AVE,42.30938437,-71.08262277
ROBBERY,2018,WESTLAND AVE,42.34355868,-71.08734146
ROBBERY,2018,CUMMINS HWY,42.26857609,-71.09574826
ROBBERY,2018,MASSACHUSETTS AVE,42.33152148,-71.07085307
ROBBERY,2018,WASHINGTON ST,42.34334672,-71.06643142
ROBBERY,2018,WASHINGTON ST,42.29212974,-71.07175746
ROBBERY,2018,EUSTIS ST,42.3290038,-71.07838214
ROBBERY,2018,BOYLSTON ST,42.35009599,-71.0773211
ROBBERY,2018,HOMESTEAD ST,42.31242132,-71.09154902
ROBBERY,2018,HOMESTEAD ST,42.31242132,-71.09154902
ROBBERY,2018,RIVER ST,42.26194848,-71.10971613
ROBBERY,2018,PRINCETON ST,42.37846079,-71.03345662
ROBBERY,2018,HUNTINGTON AVE,42.34857652,-71.07772012
ROBBERY,2018,AMERICAN LEGION HWY,42.28314714,-71.11374152
ROBBERY,2018,WASHINGTON ST,42.31584636,-71.09824825
ROBBERY,2018,SOUTHAMPTON ST,42.32962107,-71.05763827